id,domain,difficulty,run,answering_model,system_prompt,judge_model,question,ground_truth,model_answer,verdict,confident,judge_reason,citations
dev-01-apartment-easy,apartment,easy,rag_topk8_moonshotai_Kimi-K2.6,unknown — see ours/experiments.jsonl,,deepseek-ai/DeepSeek-V4-Pro,הגשתי תביעה לחברת הביטוח והיא עדיין בטיפול כבר הרבה זמן. האם עצם הפנייה לחברה עוצרת את מרוץ ההתיישנות של התביעה שלי?,"לא, ככלל הגשת תביעה לגוף מוסדי אינה עוצרת את מרוץ ההתיישנות ורק הגשת תביעה לבית משפט עוצרת אותו.","לא, ככלל הגשת תביעה לגוף מוסדי (כמו חברת ביטוח) אינה עוצרת את מרוץ ההתיישנות; רק הגשת תביעה לבית משפט עוצרת את מרוץ ההתיישנות.",correct,True,"The system's answer matches the ground truth that filing a claim with an institutional body does not stop the statute of limitations, only filing in court does.","[{""file"": ""long-term-care/files/טופס-הגשת-תביעה-ביטוח-סיעודי.pdf"", ""page"": 5, ""quote"": ""ככלל, הגשת תביעה לגוף מוסדי אינה עוצרת את מרוץ ההתיישנות, ורק הגשת תביעה לבית משפט עוצרת את מרוץ ההתיישנות.""}]"
dev-02-apartment-easy,apartment,easy,rag_topk8_moonshotai_Kimi-K2.6,unknown — see ours/experiments.jsonl,,deepseek-ai/DeepSeek-V4-Pro,קרה נזק בדירה שלי לפני חודש. האם נכון שיש לי שלוש שנים מיום המקרה להגיש תביעה לתגמולי ביטוח?,"כן, תקופת ההתיישנות של תביעה לתגמולי ביטוח היא שלוש שנים לאחר שקרה מקרה הביטוח.","כן, נכון. לפי הוראות סעיף 31 לחוק חוזה הביטוח, תקופת ההתיישנות של תביעה לתגמולי ביטוח היא שלוש שנים לאחר שקרה מקרה הביטוח.",correct,True,"The system's answer confirms the three-year limitation period, matching the ground truth.","[{""file"": ""apartment/files/הודעה-על-תקופת-התיישנות.pdf"", ""page"": 1, ""quote"": ""תקופת ההתיישנות של תביעה לתגמולי ביטוח היא שלוש שנים לאחר שקרה מקרה הביטוח""}]"
dev-03-apartment-medium,apartment,medium,rag_topk8_moonshotai_Kimi-K2.6,unknown — see ours/experiments.jsonl,,deepseek-ai/DeepSeek-V4-Pro,"אם תהיה רעידת אדמה והדירה שלי תיפגע, המדינה לא אמורה לפצות אותי בכל מקרה? למה בכלל להוסיף כיסוי כזה לביטוח הדירה?","לא. חוק פיצוי נפגעי אסון טבע אמנם כולל רעידות אדמה, אך הוא מתייחס לנזקים לתשתית חקלאית בלבד — המדינה אינה מחויבת לפצות אזרחים על נזקים למבני מגורים. לכן חשוב לא לוותר על כיסוי רעידת אדמה בביטוח הדירה.","לא, המדינה אינה מחויבת לפצות על נזקי רעידת אדמה למבני מגורים. חוק פיצוי נפגעי אסון טבע כולל רעידות אדמה, אך הוא מתייחס לנזקים לתשתית חקלאית בלבד. בדיוק משום כך חשוב לא לוותר על כיסוי רעידת אדמה בביטוח הדירה.",correct,True,"The system's answer correctly states the state is not obligated to compensate for residential earthquake damage and explains the law covers agricultural infrastructure only, matching the ground truth.","[{""file"": ""apartment/pages/earthquak-insurance-coverage.txt"", ""page"": 1, ""quote"": ""בפועל, חוק פיצוי נפגעי אסון טבע אמנם כולל בתוכו רעידות אדמה, אך הוא מתייחס לנזקים לתשתית חקלאית בלבד. כלומר, המדינה אינה מחויבת לפצות אזרחים עקב נזקים שנגרמו למבני מגורים. בדיוק בשל סיבה זו חשוב לא לוותר על כיסוי רעידת אדמה בביטוח הדירה""}]"
dev-04-apartment-medium,apartment,medium,rag_topk8_moonshotai_Kimi-K2.6,unknown — see ours/experiments.jsonl,,deepseek-ai/DeepSeek-V4-Pro,"יש לי ביטוח למחזיקי אקדח ברישיון. אם המבטח לא העמיד לי עורך דין ופניתי לעורך דין לפי בחירתי להגנה בהליך הפלילי, עד איזה סכום ישפו אותי על שכר הטרחה וההוצאות?","עד סכום השווה בשקלים ל-6,000 ₪ ביום קרות מקרה הביטוח.","עד סכום של 6,000 ש""ח ביום קרות מקרה הביטוח.",correct,True,The system's answer matches the ground-truth amount and timing exactly.,"[{""file"": ""apartment/files/פוליסה-לביטוח-דירה-ותכולתה-ש-מהדורת-אוגוסט-2020.pdf"", ""page"": 24, ""quote"": ""אם לא העמיד המבטח עורך-דין בהתאם לאמור לעיל, רשאי המבוטח לפי הרחבה זו ב. לפנות לעורך-דין לפי בחירתו. במקרה כזה, ישפה המבטח את המבוטח בתשלום שכר אך לא יותר מהסכום השווה , הטרחה והוצאות ההגנה אשר שולמו על-ידי המבוטח .₪ 6000בשקלים ביום קרות מקרה הביטוח ל""}]"
dev-05-apartment-hard,apartment,hard,rag_topk8_moonshotai_Kimi-K2.6,unknown — see ours/experiments.jsonl,,deepseek-ai/DeepSeek-V4-Pro,"אני חבר ועד בית ורוצה לעשות ביטוח לבניין המשותף, וחוץ מזה יש לי אוסף אומנות פרטי שאני רוצה לבטח גם. איך מצטרפים לשני הביטוחים האלה?","בשני המקרים ההצטרפות נעשית דרך סוכן הביטוח שלך: גם לביטוח ""עד הגג"" לבית המשותף וגם לביטוח Fine Art Collector's Insurance לאוספי אומנות יש לפנות לסוכן הביטוח להצטרפות.",המידע אינו נמצא במקורות שסופקו.,refusal,False,"The system states the information is not in the provided sources, which is a refusal to answer.",
dev-06-apartment-hard,apartment,hard,rag_topk8_moonshotai_Kimi-K2.6,unknown — see ours/experiments.jsonl,,deepseek-ai/DeepSeek-V4-Pro,"הדירה שלי מבוטחת בסכום של 1,200,000 ש""ח. שריפה פגעה בגינה — בדשא, בשיחים ובמערכת ההשקיה. מה הסכום המקסימלי שהביטוח ישלם על הנזק הזה?","24,000 ש""ח. אחריות המבטח בהרחבה לצמחים, מדשאות ומערכות השקיה מוגבלת ל-2% מסכום הביטוח לפרק ביטוח הדירה: 2% × 1,200,000 = 24,000 ש""ח.","הסכום המקסימלי שיבוטח בגין הנזק לגינה (צמחים, מדשאות, שיחים ומערכת השקיה) הוא 2% מסכום הביטוח לפרק א' — ביטוח הדירה, כלומר 24,000 ש""ח (2% מ־1,200,000 ש""ח).",correct,True,"The system's answer matches the ground truth: 2% of 1,200,000 = 24,000 ILS.","[{""file"": ""apartment/files/תנאי-פוליסת-ביטוח-דירה-אדירה-כסף-מהדורת-פברואר-2025.pdf"", ""page"": 9, ""quote"": ""הביטוח מורחב לכסות נזק שנגרם לצמחים, מדשאות, עצים, שיחים ומערכות השקיה השייכים לדירה... ואחריות המבטח בגין סעיפים אלה לא תעלה על מסכום הביטוח לפרק א' - ביטוח הדירה. 2%""}]"
dev-07-business-easy,business,easy,rag_topk8_moonshotai_Kimi-K2.6,unknown — see ours/experiments.jsonl,,deepseek-ai/DeepSeek-V4-Pro,"אני מעסיק במשרד עובדים דרך קבלן משנה. אם עובד של קבלן המשנה ייפגע ויתבע אותי, האם ביטוח החבות בפוליסת המכלול למשרד יכסה את זה?","לא. הפרק מחריג במפורש את חבות המבוטח כלפי קבלן, עובד של קבלן או קבלן משנה, עובד של קבלן משנה ועובדי חברות כוח אדם.","ביטוח החבות בפוליסת המכלול למשרד עשוי לכסות תביעה של עובד קבלן משנה נגדך, אך רק אם מתקיימים שלושה תנאים: (1) שנקבע במפורש ברשימה כי כיסוי קבלנים ו/או קבלני משנה ו/או עובדי חברות כוח אדם תקף; (2) שאתה נחשב כמעבידם של עובדי קבלן המשנה; (3) שאינך זכאי לשיפוי כלפיהם בגין אותו מקרה ביטוח על פי כל ביטוח אחר שנערך על ידך או לטובתך.",incorrect,True,"The ground truth says the policy explicitly excludes coverage, while the system's answer says coverage may exist under certain conditions.","[{""file"": ""business/files/תנאי-פוליסה-ביטוח-מכלול-למשרד-מהדורת-ינואר-2024.pdf"", ""page"": 48, ""quote"": ""כיסוי קבלנים ו/או קבלני משנה ו/או עובדי חברות כוח אדם יכסה הביטוח את חבותו אם נקבע במפורש ברשימה כי כיסוי זה תקף, החוקית של המבוטח כלפי קבלנים, עובדי קבלנים, קבלני משנה, עובדי קבלני אשר שכרם ו/או מספרם נכלל בהצהרות אשר , משנה או עובדי כוח אדם על המבוטח למסור על פי פרק זה, ובלבד שהמבוטח ייחשב כמעבידם, אך לא כאשר המבוטח זכאי לשיפוי כלפי המנויים , עקב מקרה הביטוח בכיסוי זה בגין אותו מקרה הביטוח, על פי כל ביטוח אחר שנערך על ידו או לטובתו.""}]"
dev-08-business-easy,business,easy,rag_topk8_moonshotai_Kimi-K2.6,unknown — see ours/experiments.jsonl,,deepseek-ai/DeepSeek-V4-Pro,"יש לי ביטוח ציוד אלקטרוני לעסק, ובאמצע תקופת הביטוח חל שינוי מהותי בעסק שלי. האם אני חייב להודיע על כך לחברת הביטוח בכתב?","כן. הפוליסה קובעת שבמשך תקופת הביטוח על המבוטח לגלות למבטח בכתב כל שינוי בעניין מהותי, באופן מיידי מעת שנודע לו על כך.","כן, במשך תקופת הביטוח אתה חייב להודיע למבטח, בכתב, על כל שינוי בעניין מהותי, וזאת באופן מיידי מעת שנודע לך על כך.",correct,True,The system's answer matches the ground truth: it confirms the obligation to notify in writing immediately upon learning of a material change.,"[{""file"": ""business/files/22307_pnimhaim_22308c_sofi_mail.pdf"", ""page"": 9, ""quote"": ""במשך תקופת הביטוח יגלה המבוטח למבטח, בכתב, כל שינוי בעניין מהותי, וזאת באופן מיידי מעת שנודע לו על כך.""}]"
dev-09-business-medium,business,medium,rag_topk8_moonshotai_Kimi-K2.6,unknown — see ours/experiments.jsonl,,deepseek-ai/DeepSeek-V4-Pro,"אם המשרד שלי יושבת בעקבות נזק מכוסה, לכמה זמן לכל היותר אקבל פיצוי על אובדן ההכנסות?","תקופת השיפוי מסתיימת בתום תקופת ההשבתה ולא יאוחר מ-100 ימים מתחילת ההשבתה, אלא אם נקבע אחרת ברשימה.","לכל היותר 100 ימים מתאריך השבתת הפעילות, אלא אם צוין אחרת ברשימה.",correct,True,"The system's answer correctly states the maximum 100-day period from the start of the shutdown, matching the ground truth.","[{""file"": ""business/files/תנאי-פוליסת-ביטוח-מכלול-למשרד-מהדורת-ינואר-2024-באנגלית.pdf"", ""page"": 36, ""quote"": ""as and from the date of the layup of the operations and ending at the end of the layup period - no later than 100 days thereafter - unless otherwise specified in the schedule""}]"
dev-10-business-medium,business,medium,rag_topk8_moonshotai_Kimi-K2.6,unknown — see ours/experiments.jsonl,,deepseek-ai/DeepSeek-V4-Pro,אני חוקר שמתכנן ניסוי קליני שאושר על ידי ועדת הלסינקי. האם אני חייב לרכוש ביטוח לניסוי?,"כן. פוליסת ביטוח ניסויים קליניים נדרשת עבור כל ניסוי קליני המאושר על-ידי ועדת הלסינקי, בהתאם לנוהלי משרד הבריאות. הפוליסה מכסה תביעות נזיקין של משתתפים בניסוי או צד ג' וכוללת כיסוי הוצאות הגנה משפטית.",במקטעי המקור שסופקו אין מידע לגבי חובת רכישת ביטוח לניסוי קליני שאושר על ידי ועדת הלסינקי.,refusal,False,"The system states it has no information to answer the question, which is a refusal.",
dev-11-business-hard,business,hard,rag_topk8_moonshotai_Kimi-K2.6,unknown — see ours/experiments.jsonl,,deepseek-ai/DeepSeek-V4-Pro,אחרי נזק בעסק הוצאתי הוצאות נוספות כדי לא לאבד הכנסות. אני משווה בין פוליסת שיר לעסק לבין הראל ביט לאובדן תוצאתי — האם יש תקרה להחזר על הוצאות כאלה בכל אחת מהן?,"כן, בשתיהן יש תקרה: בשיר לעסק סך ההוצאות המוגדלות לא יעלה על הפסד ההכנסה שהיה נגרם אלמלא הוצאו. בהראל ביט הסכום שישולם על כל הוצאה לא יעלה על שיעור הרווח הגולמי כפול אותו חלק של המחזור שאובדנו נמנע בזכות ההוצאה, בניכוי סכומים שנחסכו בתקופת השיפוי.","המקורות המצורפים אינם מכילים מידע לגבי פוליסות עסקים, פוליסת שיר לעסק, הראל ביט לאובדן תוצאתי או תקרות להחזר הוצאות נוספות למניעת אובדן הכנסות בעקבות נזק לעסק.",refusal,False,"The system states the sources lack the relevant information, refusing to answer the question.",
dev-12-business-hard,business,hard,rag_topk8_moonshotai_Kimi-K2.6,unknown — see ours/experiments.jsonl,,deepseek-ai/DeepSeek-V4-Pro,"ביטחתי את התכולה שלי בהראל בסכום ביטוח של 300,000 ש""ח, ובלי לשים לב יש לי גם ביטוח אצל מבטח אחר על אותה תכולה בסכום של 100,000 ש""ח. אם יקרה נזק, איך יתחלק התשלום בין שתי החברות?","בביטוח כפל המבטחים מתחלקים ביניהם לפי היחס שבין סכומי הביטוח: הראל תישא ב-75% (300,000 מתוך 400,000 = 3/4) והמבטח האחר ב-25% (100,000 מתוך 400,000 = 1/4). כלפיך כל מבטח אחראי לחוד על מלוא הסכום, ועליך להודיע למבטח מיד על ביטוח הכפל.",המידע אינו מופיע במקורות שסופקו.,refusal,False,"The system states the information is not in the provided sources, refusing to answer the question.",
dev-13-car-easy,car,easy,rag_topk8_moonshotai_Kimi-K2.6,unknown — see ours/experiments.jsonl,,deepseek-ai/DeepSeek-V4-Pro,המפתחות שלי ננעלו בתוך הרכב – האם מגיע לי שירות פריצה לרכב במסגרת כתב השירות?,"כן, במקרה שהמפתחות ננעלו בתוך הרכב יגיע נציג מטעם נותן השירות למקום הרכב וינסה לפרוץ אותו.","כן, אם מדובר ברכב המבוטח ומפתחותיו ננעלו בתוכו, מגיע לך שירות פריצת רכב במסגרת הפוליסה. נציג מטעם נותן השירות יגיע למקום הרכב וינסה לפרוץ אותו.",correct,True,The system's answer confirms the service is provided and describes the same resolution as the ground truth.,"[{""file"": ""car/files/מהדורת-יוני-2023-upgrade-פוליסת-הראל.pdf"", ""page"": 51, ""quote"": ""לצורך פריצת רכב שמפתחותיו ננעלו בתוכו, יגיע לרכב המבוטח נציג מטעם נותן השירות אשר ינסה לפרוץ את הרכב.""}]"
dev-14-car-easy,car,easy,rag_topk8_moonshotai_Kimi-K2.6,unknown — see ours/experiments.jsonl,,deepseek-ai/DeepSeek-V4-Pro,יש לי תקר בגלגל וצריך החלפה – האם השירות ניתן בחינם בלי שום תשלום מצדי?,"לא, בכל מקרה של מתן שירות החלפת גלגל משלם מקבל השירות דמי השתתפות עצמית בסך 59 ₪ כולל מע""מ לנותן השירות.","לא, השירות אינו ניתן לחלוטין בחינם. בפוליסות מופיעה 'השתתפות עצמית' בגין שירותי החלפת גלגל, ובנוסף מצוין שבכל מקרה של מתן השירות מקבל השירות משלם.",partial,True,"The system's answer correctly states the service is not free and mentions a self-participation fee, but omits the specific amount of 59 ₪ from the ground truth.","[{""file"": ""car/files/מהדורת-יוני-2023-upgrade-פוליסת-הראל.pdf"", ""page"": 51, ""quote"": ""השתתפות עצמית .3.2.3""}, {""file"": ""car/files/פוליסת-ביטוח-רכב-הראל-סוויץ-מהדורת-דצמבר-2021.pdf"", ""page"": 43, ""quote"": ""בכל מקרה של מתן השירות או הפעלתו על-פי כתב שירות זה, ישלם מקבל""}]"
dev-15-car-medium,car,medium,rag_topk8_moonshotai_Kimi-K2.6,unknown — see ours/experiments.jsonl,,deepseek-ai/DeepSeek-V4-Pro,"אם אאבד את המפתחות או השלט של הרכב, ביטוח צד ג' של הראל מכסה את זה? זה עולה תוספת?","כן, ביטוח צד ג' לרכב של הראל כולל ביטוח על אובדן מפתחות או שלטים לרכב ללא תשלום פרמיה נוספת.","כן, בביטוח צד ג' של הראל ניתן לרכוש כיסוי להחלפת או התאמת מפתחות/שלט רכב במקרה של אבדן, גניבה או נזק. הכיסוי ניתן לרכישה כתוספת לביטוח אחריות כלפי צד שלישי (פרק ב'), כך שהוא כרוך בעלות נוספת ובכפוף להשתתפות עצמית ולגבולות האחריות המפורטים במפרט.",incorrect,True,"The ground truth states the coverage is included at no extra cost, while the system's answer says it requires an additional purchase.","[{""file"": ""car/files/פוליסה-לביטוח-רכב-פרטי-ומסחרי-עד-35-טון-מהדורת-יוני-2023.pdf"", ""page"": 25, ""quote"": ""- . כיסוי להחלפת או התאמת מפתחות/שלט רכב )ניתן לרכישה במקרים בהם נרכש פרק 30 ב' - ביטוח אחריות כלפי צד שלישי בלבד(""}, {""file"": ""car/files/מהדורת-יוני-2023-upgrade-פוליסת-הראל.pdf"", ""page"": 26, ""quote"": ""החלפת או התאמת מפתחות/שלט רכב - המבטח ישפה את המבוטח עבור .30.1.1 עלות החלפת או התאמת המפתחות/שלט לרכב המבוטח שאבדו או נגנבו או ניזוקו""}]"
dev-16-car-medium,car,medium,rag_topk8_moonshotai_Kimi-K2.6,unknown — see ours/experiments.jsonl,,deepseek-ai/DeepSeek-V4-Pro,"אני נוסע עם הרכב שלי לטיול בסיני, איפה ואיך אפשר לרכוש את ביטוח הרכב למטיילים של הראל?","מצטרפים בעת היציאה מהארץ, בעמדת המכירה של מילגם הממוקמת במעבר הגבול.","ניתן לרכוש את הביטוח בעת יציאתך מהארץ, בעמדת המכירה של מילגם הממוקמת במעבר הגבול.",correct,True,The system's answer matches the ground truth on where and how to purchase the insurance.,"[{""file"": ""car/pages/traveler-car.txt"", ""page"": 1, ""quote"": ""בעת יציאתך מהארץ, בעמדת המכירה של מילגם הממוקמת במעבר הגבול.""}]"
dev-17-car-hard,car,hard,rag_topk8_moonshotai_Kimi-K2.6,unknown — see ours/experiments.jsonl,,deepseek-ai/DeepSeek-V4-Pro,"אני נוסע מעט מאוד ורוצה ביטוח מקיף שיחסוך לי כסף – מה ההבדל בין הראל סוויץ' לביטוח המקיף הרגיל, ואיך מצטרפים לכל אחד?","בהראל סוויץ' התשלום החודשי מורכב מרכיב קבוע ורכיב שמשתנה לפי הקילומטרים – נוסעים פחות, משלמים פחות, ומצטרפים אונליין או בטלפון *2010. בביטוח המקיף הרגיל מקבלים הגנה מקיפה מפני תאונה, גניבה, שריפה ונזקי טבע, ומצטרפים בהשארת פרטים או בטלפון *2010.","לפי המקורות, הראל סוויץ' הוא ביטוח מקיף וחובה לרכב לפי קילומטר, שבו התשלום החודשי מורכב מרכיב קבוע ורכיב המשתנה לפי מספר הקילומטרים שנסע הרכב – נוסעים פחות משלמים פחות. להצטרפות לסוויץ' ניתן להצטרף אונליין או להתקשר ל-2010*. לגבי ביטוח מקיף אחר, המקורות מפרטים את מוצר ה-Upgrade המקיף שנותן הנחה לנוסעים עד 10,000 ק""מ בשנה; להצטרפות אליו יש להשאיר פרטים או להתקשר ל-2010*. בנוסף, בביטוח מקיף כללי ניתן להצטרף בהשארת פרטים או בהתקשרות ל-*2010.",partial,True,The system answer adds an 'Upgrade' product not mentioned in the ground truth and omits the ground truth's description of regular comprehensive insurance coverage.,"[{""file"": ""car/pages/harel-switch.txt"", ""page"": 1, ""quote"": ""הראל סוויץ' הוא ביטוח בו התשלום החודשי מורכב מרכיב קבוע ורכיב המשתנה בהתאם למספר הקילומטרים שנסע הרכב: אם נוסעים מעט, משלמים מעט""}, {""file"": ""car/pages/harel-switch.txt"", ""page"": 1, ""quote"": ""איך מצטרפים? מצטרפים אונליין מתקשרים ל- 2010*""}, {""file"": ""car/pages/upgrade.txt"", ""page"": 1, ""quote"": ""Upgrade מקיף לרכב פוליסת ביטוח מקיף גמישה שנותנת הנחה לנוסעים עד 10,000* ק\""מ בשנה""}, {""file"": ""car/pages/upgrade.txt"", ""page"": 1, ""quote"": ""איך מצטרפים? משאירים פרטים מתקשרים ל- 2010*""}, {""file"": ""car/pages/comprehensive.txt"", ""page"": 1, ""quote"": ""איך מצטרפים? משאירים פרטים מתקשרים ל- *2010""}]"
dev-18-car-hard,car,hard,rag_topk8_moonshotai_Kimi-K2.6,unknown — see ours/experiments.jsonl,,deepseek-ai/DeepSeek-V4-Pro,"ביטלתי את פוליסת ביטוח החובה שלי אחרי שהייתה בתוקף 10 ימים. דמי הביטוח השנתיים ששילמתי הם 2,000 ₪. כמה כסף יחזירו לי (בלי הצמדה למדד)?","1,882 ₪ — מנכים 5% מדמי הביטוח השנתיים (100 ₪) בתוספת 0.3% לכל יום החל מהיום השמיני, כלומר 3 ימים: 2,000 × 0.003 × 3 = 18 ₪. סך הניכוי 118 ₪, ולכן ההחזר: 2,000 − 118 = 1,882 ₪.","יחזירו לך 1,882 ₪. החישוב: בעבור 7 הימים הראשונים נוכחו 5% מדמי הביטוח השנתיים, כלומר 100 ₪. בעבור כל אחד משלושת הימים הנותרים (היום השמיני ואילך) נוכחו 0.3% מדמי הביטוח השנתיים, כלומר 6 ₪ ליום (סה""כ 18 ₪). סכום ההחזר הוא 2,000 ₪ פחות 118 ₪, כלומר 1,882 ₪.",correct,True,The system's answer matches the ground-truth refund amount and calculation breakdown exactly.,"[{""file"": ""car/files/פוליסת-ביטוח-חובה-לרכב-מבית-שירביט-מהדורת-ספטמבר-2021.pdf"", ""page"": 7, ""quote"": ""בעד תקופה של עד שבעה ימים שבהם היתה הפוליסה בתוקף, לרבות אם לא (1 מדמי הביטוח השנתיים; 5% נכנסה לתוקף""}, {""file"": ""car/files/פוליסת-ביטוח-חובה-לרכב-מבית-שירביט-מהדורת-ספטמבר-2021.pdf"", ""page"": 8, ""quote"": ""מדמי 5% בעד תקופה העולה על שבעה ימים שבהם היתה הפוליסה בתוקף ( 2 מדמי הביטוח השנתיים בעד כל יום ביטוח, החל 0.3% הביטוח השנתיים בצירוף ביום השמיני.""}]"
dev-19-dental-easy,dental,easy,rag_topk8_moonshotai_Kimi-K2.6,unknown — see ours/experiments.jsonl,,deepseek-ai/DeepSeek-V4-Pro,סיימתי טיפול שיניים ואני רוצה להגיש תביעה להחזר – אפשר לשלוח לכם את הטופס והמסמכים במייל?,"כן, את הטופס המלא יחד עם המסמכים הנדרשים שולחים במייל לכתובת services@harel-ins.co.il.","כן, ניתן להגיש את התביעה להחזר הוצאות ביטוח שיניים במייל לכתובת services@harel-ins.co.il, יחד עם הטופס המלא ומסמכים נוספים לפי הצורך.",correct,True,"The system's answer confirms email submission to the correct address with the form and documents, matching the ground truth.","[{""file"": ""dental/pages/dental-insurance.txt"", ""page"": 1, ""quote"": ""אונליין: במייל להגשת תביעת ביטוח שיניים, בכתובת: services@harel-ins.co.il""}, {""file"": ""dental/files/377164_tofes_b_sofi_mail-מונגש-1.pdf"", ""page"": 1, ""quote"": ""בצירוף מסמכים נוספים אם צריך. services@harel-ins.co.il : בסיום מילוי טופס זה, יש לשלוח אותו למייל""}]"
dev-20-dental-easy,dental,easy,rag_topk8_moonshotai_Kimi-K2.6,unknown — see ours/experiments.jsonl,,deepseek-ai/DeepSeek-V4-Pro,קיבלתי כבר החזר מקופת החולים על טיפול השיניים – מותר לי לתבוע גם מכם החזר על אותה חשבונית?,"לא, אסור לתבוע החזר על אותם סכומים מגורמים שונים, וקבלת החזר כפול היא הפרה של הוראות הדין ותנאי הפוליסה.","לא, לא ניתן לתבוע מהראל החזר בגין אותם סכומים שכבר קיבלת מקופת החולים. קבלת החזרים כפולים עומדת בניגוד להוראות הדין ולהוראות פוליסת הביטוח.",correct,True,"The system's answer correctly states that double reimbursement is not allowed, matching the ground truth.","[{""file"": ""dental/files/377164_tofes_b_sofi_mail-מונגש-1.pdf"", ""page"": 1, ""quote"": ""ידוע לי כי לא ניתן לתבוע החזר בגין אותם סכומים מגורמים שונים )כגון חברות ביטוח אחרות או קופות חולים( וקבלת החזרים כפולים עומדת בניגוד להוראות הדין ולהוראות פוליסת הביטוח.""}]"
dev-21-dental-medium,dental,medium,rag_topk8_moonshotai_Kimi-K2.6,unknown — see ours/experiments.jsonl,,deepseek-ai/DeepSeek-V4-Pro,איך אני יכול לבטל את פוליסת ביטוח השיניים הפרטית שלי בהראל?,"יש למלא טופס בקשה לביטול פוליסת ביטוח שיניים, ואפשר להגיש את הבקשה בכמה דרכים: דרך האזור האישי באתר (אונליין), במייל, בפקס, בפנייה למוקד שירות הלקוחות בטלפון 2735*, או באמצעות סוכן ביטוח.","כדי לבטל פוליסת ביטוח שיניים פרטית בהראל, יש להיכנס לאזור האישי באתר או ליצור קשר במייל, בפקס או דרך מוקד שירות הלקוחות בטלפון *2735. יש להוריד ולמלא את ״טופס בקשה לביטול פוליסה - ביטוח שיניים״, ולהגיש את הבקשה אונליין, בפקס, במייל לכתובת polisotbs@harel-ins.co.il, דרך המוקד או באמצעות סוכן ביטוח.",correct,True,The system's answer lists the same cancellation methods and required form as the ground truth.,"[{""file"": ""dental/pages/cancellation.txt"", ""page"": 1, ""quote"": ""כדי לבטל פוליסת ביטוח שיניים, נכנסים לאזור האישי באתר שלנו או יוצרים איתנו קשר במייל, בפקס או באמצעות מוקד שירות הלקוחות""}]"
dev-22-dental-medium,dental,medium,rag_topk8_moonshotai_Kimi-K2.6,unknown — see ours/experiments.jsonl,,deepseek-ai/DeepSeek-V4-Pro,הבת שלי בת 17 עברה טיפול שיניים. אפשר להעביר לה את החזר התביעה ישירות לביט שלה?,לא. העברת תשלום בביט (וגם העברה בנקאית לחשבון מקבל הטיפול) אפשרית רק מגיל 18 ומעלה.,"לא, לא ניתן להעביר את החזר התביעה לביט של בתך כיוון שהיא בת 17. לפי טופס ביטוח השיניים, אפשרות התשלום בביט מיועדת למקבלי הטיפול מגיל 18 ומעלה בלבד, ולכן יש למלא פרטי חשבון בנק להעברה בנקאית.",correct,True,"The system's answer correctly states that payment via Bit is only possible from age 18 and above, matching the ground truth.","[{""file"": ""dental/files/377164_tofes_b_sofi_mail-מונגש-1.pdf"", ""page"": 1, ""quote"": "":( ומעלה 18 )מגיל מספר טלפון נייד להעברה בתשלום ביט של מקבל/ת הטיפול""}, {""file"": ""dental/files/טופס-כיסוי-הוצאות-רפואת-שיניים-באנגלית-dental-claim-form.pdf"", ""page"": 1, ""quote"": ""Cellphone number for transfer of payment to patient's Bit account (age 18 and up)""}]"
dev-23-dental-hard,dental,hard,rag_topk8_moonshotai_Kimi-K2.6,unknown — see ours/experiments.jsonl,,deepseek-ai/DeepSeek-V4-Pro,"אני רוצה לבטל את ביטוח השיניים שלי אבל יש לי גם תביעה שעדיין מתבררת. לאיזה מייל שולחים את טופס הביטול, ומה מספר הטלפון של אגף ביטוח השיניים לבירור התביעה?","את טופס הביטול שולחים לאגף הבריאות במייל polisotbs@harel-ins.co.il, והטלפון של אגף ביטוח השיניים בהראל הוא 03-7547222.",טופס הביטול יש לשלוח במייל לכתובת: polisotbs@harel-ins.co.il. מספר הטלפון של אגף ביטוח השיניים לבירור תביעה הוא: 03-7547222.,correct,True,The system's answer provides the same email and phone number as the ground truth.,"[{""file"": ""dental/files/טופס-בקשה-לביטול-פוליסה-ביטוח-שיניים.pdf"", ""page"": 1, ""quote"": ""polisotbs@harel-ins.co.il למשלוח הטופס לאגף הבריאות - בדוא\""ל:""}, {""file"": ""dental/files/377164_tofes_b_sofi_mail-מונגש-1.pdf"", ""page"": 1, ""quote"": ""הראל חברה לביטוח בע״מ - אגף ביטוח שיניים\n\n- [x] www.harel-group.co.il 03-7547222""}]"
dev-24-dental-hard,dental,hard,rag_topk8_moonshotai_Kimi-K2.6,unknown — see ours/experiments.jsonl,,deepseek-ai/DeepSeek-V4-Pro,בכל אחת משלוש הביקורות שעשיתי אצל רופא השיניים השנה ביצעו לי צילום נשך. כמה צילומים יצאו לי בסך הכל?,"6 צילומים. צילום נשך כולל שני צילומים, ולכן 3 ביקורות × 2 צילומים = 6 צילומים.",המידע אינו מופיע במקטעי המקורות שסופקו.,refusal,False,"The system states the information is not in the provided sources, which is a refusal to answer.",
dev-25-health-easy,health,easy,rag_topk8_moonshotai_Kimi-K2.6,unknown — see ours/experiments.jsonl,,deepseek-ai/DeepSeek-V4-Pro,הראל שלחה לי הצעת פשרה בכתב על התביעה שלי אבל עוד לא אישרתי אותה — האם ההצעה כבר מחייבת אותי?,"לא, כל עוד לא אישר התובע את הודעת הפשרה היא אינה מחייבת את הצדדים.","לא, כל עוד לא אישרת את הודעת הפשרה היא לא מחייבת אותך.",correct,True,The system's answer matches the ground truth that the offer is not binding until the claimant approves it.,"[{""file"": ""health/files/מערכת-כללים-לבירור-וליישוב-תביעות-ביטוח-בריאות.pdf"", ""page"": 2, ""quote"": ""כל עוד לא אישר התובע את הודעת הפשרה, היא לא תחייב את הצדדים.""}]"
dev-26-health-easy,health,easy,rag_topk8_moonshotai_Kimi-K2.6,unknown — see ours/experiments.jsonl,,deepseek-ai/DeepSeek-V4-Pro,יש לי כתב שירות לרפואה משלימה וקיבלתי הפניה מרופא — האם טיפולי אקופונקטורה (דיקור סיני) כלולים בשירות?,"כן, אקופונקטורה נכללת ברשימת טיפולי הרפואה המשלימה שמנוי עם הפניה בכתב מרופא זכאי לבצע אצל נותן שירות שבהסכם.","כן, טיפולי אקופונקטורה (דיקור סיני) כלולים בכתב השירות לרפואה משלימה, בכפוף להפניה מרופא בכתב הביטוח ולמגבלה של עד 12 טיפולים בשנה אצל נותן שירות שבהסכם.",correct,True,"The system's answer confirms acupuncture is covered with a doctor's referral, matching the ground truth, and adds a specific visit limit not contradicted by the ground truth.","[{""file"": ""health/files/כתב-שירות-שירותי-רפואה-משלימה-אלטרנטיבית.pdf"", ""page"": 2, ""quote"": ""טיפול בדרך של דיקור במחטים דקות בנקודות מיוחדות אקופונקטורה )דיקור סיני( . 3.1.1 . בגוף""}, {""file"": ""health/files/כתב-שירות-שירותי-רפואה-משלימה-אלטרנטיבית.pdf"", ""page"": 8, ""quote"": ""12 לבצע זכאי יהיה הרופאי, מצבו בשל שירות לקבלת מרופא בכתב הפניה ביטוח. בשנת טיפולים בלבד.""}, {""file"": ""health/files/כתב-שירות-שירותי-רפואה-משלימה-אלטרנטיבית.pdf"", ""page"": 1, ""quote"": ""המנוי יהיה זכאי לשירותים הכלולים בכתב שירות זה אצל נותן שירות שבהסכם בלבד, בכפוף לתנאים להוראות ולסייגים המפורטים להלן""}]"
dev-27-health-medium,health,medium,rag_topk8_moonshotai_Kimi-K2.6,unknown — see ours/experiments.jsonl,,deepseek-ai/DeepSeek-V4-Pro,אני מתלבט בין חברות ביטוח - מה היתרונות של ביטוח הבריאות של הראל לעומת אחרים?,"הראל היא חברת ביטוחי הבריאות הגדולה בישראל, ומציעה הטסת מנתחים מומחים מכל העולם, רשת רופאים מומחים בפריסה ארצית, הסכמים בינלאומיים עם מרכזים רפואיים, וכלים דיגיטליים מתקדמים עם מסלול מהיר לאישור תביעות בנושאי בדיקות, טיפולים ותרופות.","לפי המקורות, היתרונות של ביטוח הבריאות בהראל כוללים: התאמה אישית לצרכים הייחודיים שלכם ושל משפחתכם עם מתן ביטחון ויציבות כלכלית בעת הצורך; הראל היא חברת ביטוחי הבריאות הגדולה בישראל עם ניסיון רב בביטוחי בריאות וביישוב וטיפול בתביעות בריאות מורכבות; הטסת מנתחים מומחים מכל קצוות העולם; רשת רופאים מומחים בפריסה ארצית; הסכמים בינלאומיים עם מרכזים רפואיים; כלים דיגיטליים מתקדמים ומסלול מהיר לאישור תביעות; שירות מיוחד לאספקת תרופות עד בית הלקוח; והראל משלמת מעל 1.5 מיליארד ₪ בשנה על תביעות בריאות בארץ ובעולם.",correct,True,The system's answer includes all the key advantages from the ground truth and adds extra details without contradicting it.,"[{""file"": ""health/pages/health.txt"", ""page"": 1, ""quote"": ""ביטוחי הבריאות הפרטיים בהראל מתאימים לצרכים הייחודים שלכם ושל משפחתכם, ומעניקים לכם ביטחון ויציבות כלכלית בעת הצורך""}, {""file"": ""health/pages/health.txt"", ""page"": 1, ""quote"": ""הראל היא חברת ביטוחי הבריאות הגדולה בישראל עם ניסיון רב בביטוחי בריאות וביישוב וטיפול בתביעות בריאות מורכבות""}, {""file"": ""health/pages/health.txt"", ""page"": 1, ""quote"": ""הטסת מנתחים מומחים מכל קצוות העולם רשת רופאים מומחים בפריסה ארצית הסכמים בינלאומיים עם מרכזים רפואיים כלים דיגיטליים מתקדמים ומסלול מהיר לאישור תביעות""}, {""file"": ""health/pages/medications.txt"", ""page"": 1, ""quote"": ""שירות מיוחד לאספקת תרופות עד בית הלקוח, על פי תנאי השירות""}, {""file"": ""health/pages/medications.txt"", ""page"": 1, ""quote"": ""הראל משלמת מעל 1.5 מיליארד ₪ בשנה על תביעות בריאות בארץ ובעולם""}]"
dev-28-health-medium,health,medium,rag_topk8_moonshotai_Kimi-K2.6,unknown — see ours/experiments.jsonl,,deepseek-ai/DeepSeek-V4-Pro,אני סובל מאקנה בעור הפנים. האם אני יכול לקבל שירות עבור זה במסגרת כתב השירות רופא מלווה אישי בתחום מחלות העור?,"לא. אקנה מוחרג במפורש ואינו נחשב מקרה רפואי בתחום מחלות עור (יחד עם פטרת עורית חיצונית, נשירת שיער ומחלות מין); השירות ניתן רק למחלת עור בעלת אופי כרוני.","כן, על פי כתב השירות רופא מלווה אישי מחלות עור נכללות בכיסוי השירות לתקופה של עד 9 חודשים, בכפוף להשתתפות עצמית של 380 ₪ לכל מקרה רפואי ולאישור המקרה.",incorrect,True,"The system's answer incorrectly states that acne is covered, while the ground truth explicitly excludes it.","[{""file"": ""health/files/כתב-שירות-רופא-מלווה-אישי.pdf"", ""page"": 17, ""quote"": ""ם חודשי 9 - עור מחלות""}, {""file"": ""health/files/כתב-שירות-רופא-מלווה-אישי.pdf"", ""page"": 17, ""quote"": ""לשירות ב סעיף השתתפות - השירות ₪ 380 בסך עצמית רפואי. מקרה לכל""}]"
dev-29-health-hard,health,hard,rag_topk8_moonshotai_Kimi-K2.6,unknown — see ours/experiments.jsonl,,deepseek-ai/DeepSeek-V4-Pro,"אמא שלי היא זו שמשלמת על פוליסת הבריאות שלי. אם אחליט לבטל את כתב השירות לרפואה משלימה באמצע התקופה, אקבל החזר? ולאן הכסף יוחזר?","כן - הביטול בתוקף ממועד קבלת ההודעה בחברה, ויוחזר החלק היחסי של הפרמיה ששולמה עבור התקופה שלאחר הביטול. ההחזר מבוצע לאמצעי התשלום שבו שולמה הפוליסה (אלא אם החברה תחליט להחזירו למבוטח הראשי).",המידע אינו מופיע במקורות שסופקו.,refusal,False,"The system states the information is not in the provided sources, which is a refusal to answer.",
dev-30-health-hard,health,hard,rag_topk8_moonshotai_Kimi-K2.6,unknown — see ours/experiments.jsonl,,deepseek-ai/DeepSeek-V4-Pro,"אני בן 35 ורוצה לרכוש את ביטוח הניתוחים UPGRADE משלים שב""ן. כמה יעלה לי הביטוח לשנה שלמה, בלי הנחות?","709.44 ₪ לשנה: המחיר החודשי לגיל 31-40 הוא 59.12 ₪, כפול 12 חודשים = 709.44 ₪.",המידע אינו מופיע במקורות המצורפים.,refusal,False,"The system states the information is not in the provided sources, which is a refusal to answer.",
dev-31-life-easy,life,easy,rag_topk8_moonshotai_Kimi-K2.6,unknown — see ours/experiments.jsonl,,deepseek-ai/DeepSeek-V4-Pro,הפסקתי לעשן לפני יותר משנתיים. האם אני יכול לפנות לחברה כדי שתבחן שינוי בתעריף שלי?,"כן, מי שהפסיק לעשן לתקופה ממושכת של שנתיים ומעלה יכול לעדכן את החברה בצירוף תצהיר מתאים כדי שתיבחן אפשרות לשינוי התעריף בכיסויים הרלוונטיים.","כן. ככל שהפסקת לעשן לתקופה ממושכת של שנתיים ומעלה, אתה יכול לעדכן את החברה בצירוף תצהיר מתאים, כדי שתיבחן האפשרות לשינוי תעריף בכיסויים הרלוונטיים.",correct,True,The system's answer matches the ground truth on the core fact: a person who quit smoking for two years or more can update the company with a declaration to review the rate.,"[{""file"": ""loss-of-working-ability/files/טופס-הצעה-לביטוח-חיים-ואובדן-כושר-עבודה.pdf"", ""page"": 3, ""quote"": ""*לתשומת לבך, ככל שהנך מפסיק לעשן לתקופה ממושכת של שנתיים ומעלה, אנא עדכן את החברה בצירוף תצהיר מתאים, על מנת שתיבחן האפשרות לשינוי תעריף בכיסויים הרלוונטיים.""}]"
dev-32-life-easy,life,easy,rag_topk8_moonshotai_Kimi-K2.6,unknown — see ours/experiments.jsonl,,deepseek-ai/DeepSeek-V4-Pro,"שלחתי בקשה להקטין את סכום הביטוח בפוליסה שלי. האם השינוי יכול להיכנס לתוקף רטרואקטיבית, מחודש שקדם לבקשה?","לא, השינויים יבוצעו החל מחודש הבקשה או מחודש קבלת המסמכים בחברה, לפי המאוחר מביניהם.",המקורות המצוטטים אינם כוללים תשובה לשאלה זו.,refusal,False,The system states it cannot answer the question based on the cited sources.,
dev-33-life-medium,life,medium,rag_topk8_moonshotai_Kimi-K2.6,unknown — see ours/experiments.jsonl,,deepseek-ai/DeepSeek-V4-Pro,"אם אחליט לבטל את פוליסת ביטוח החיים מגן שלי אחרי כמה שנים, האם אקבל בחזרה חלק מהכסף כערך פדיון?",לא. לפוליסה זו אין ערכי פדיון ואין ערכי סילוק.,"לא. על פי תנאי פוליסת ביטוח החיים ""מגן 1"", לפוליסה זו אין ערכי פדיון ואין ערכי סילוק, ולכן לא תקבל בחזרה כסף כערך פדיון בביטול הפוליסה.",correct,True,"The system's answer correctly states there is no surrender value, matching the ground truth.","[{""file"": ""life/files/תנאי-פוליסת-ביטוח-למקרה-מוות-מגן-1.pdf"", ""page"": 11, ""quote"": ""לפוליסה זו אין ערכי פדיון ואין ערכי סילוק.""}]"
dev-34-life-medium,life,medium,rag_topk8_moonshotai_Kimi-K2.6,unknown — see ours/experiments.jsonl,,deepseek-ai/DeepSeek-V4-Pro,אני מגיש בקשה להגדלת כיסוי בביטוח החיים שלי. מה יקרה אם לא אצרף טופס הצהרת בריאות לבקשה?,"ככל שלא תצורף הצהרת בריאות, הכיסוי הביטוחי לא ייכנס לתוקפו.","אם לא תצרף טופס הצהרת בריאות לבקשה להגדלת כיסוי בביטוח החיים, הכיסוי הביטוחי לא ייכנס לתוקפו.",correct,True,The system's answer matches the ground truth that coverage will not take effect without the health declaration.,"[{""file"": ""life/files/טופס-בקשה-להוספת-או-הגדלת-כיסויים-פוליסת-ביטוח-למקרה-מוות.pdf"", ""page"": 2, ""quote"": ""ככל שלא תצורף הצהרת בריאות, הכיסוי הביטוחי לא ייכנס לתוקפו.""}]"
dev-35-life-hard,life,hard,rag_topk8_moonshotai_Kimi-K2.6,unknown — see ours/experiments.jsonl,,deepseek-ai/DeepSeek-V4-Pro,"אני באמצע תהליך הצטרפות לביטוח חיים בהראל. לאן אני שולח את הצהרת הבריאות שמילאתי, וממתי הביטוח שלי בכלל נכנס לתוקף?","את הצהרת הבריאות שולחים לפקס 03-7348169 או למייל agafhaim@harel-ins.co.il. הפוליסה נכנסת לתוקף רק כשמתקיימים כל התנאים במצטבר: התקבל בחברה טופס הצעה לביטוח, החברה נתנה הסכמתה לעריכת הביטוח, החברה קיבלה את תשלום הפרמיה הראשונה (או אמצעי תשלום), והמבוטח חי באותו מועד.","לפי הטפסים הרלוונטיים לביטוח חיים (במסגרת משכנתא): אתה מוסר את הצהרת הבריאות ושאר המסמכים לסוכן הביטוח שלך, והוא מוגיש אותם להראל בשמך ועבורך. הביטוח נכנס לתוקף רק בכפוף לקבלת ההפקדה השוטפת הראשונה או אמצעי תשלום ממנו ניתן לגבות את ההפקדה הראשונה בפועל, לפי המועד המוקדם מביניהם; בנוסף, הכיסוי הביטוחי ייכנס לתוקפו רק לאחר אישורך להחרגות ולתנאים המיוחדים, ככל שיהיו.",incorrect,True,"The system says to submit the health declaration to the insurance agent, while the ground truth says to send it directly to Harel via fax or email.","[{""file"": ""mortgage/files/טופס-בקשה-לעדכון-פוליסת-ביטוח-חיים-עקב-מחזור-משכנתה.pdf"", ""page"": 2, ""quote"": ""א. אני מאשר לסוכן הביטוח שלי בפוליסה, שפרטיו מופיעים בתחילת הצעה זו להגיש ל\""הראל\"" ולקבל מ\""הראל\"" בשמי ועבורי, כשלוחי, את כל ההודעות ו/או המסמכים הקשורים להליך החיתום ולהליך ההצטרפות לפוליסה זו.""}, {""file"": ""mortgage/files/טופס-הצעה-לביטוח-חיים-ומבנה-למשכנתה.pdf"", ""page"": 8, ""quote"": ""ההתקשרות בינך/כם לבין קבוצת הראל תיכנס לתוקפה רק בכפוף לקבלת ההפקדה השוטפת הראשונה או אמצעי התשלום ממנו ניתן לגבות את ההפקדה השוטפת הראשונה בפועל, לפי המועד המוקדם מביניהם. בנוסף, הכיסוי הביטוחי ייכנס לתוקפו, רק לאחר אישור המועמד/ים לביטוח להחרגות ולתנאים המיוחדים, ככל שיהיו וכפי שיקבעו על ידי המבטחת.""}]"
dev-36-life-hard,life,hard,rag_topk8_moonshotai_Kimi-K2.6,unknown — see ours/experiments.jsonl,,deepseek-ai/DeepSeek-V4-Pro,"לא מיניתי מוטבים בפוליסת ביטוח החיים שלי. אם אלך לעולמי, למי ישולם סכום הביטוח, ומי בדיוק נחשב ""יורש חוקי""?","בהעדר מינוי מוטבים הסכומים ישולמו ליורשים החוקיים על פי הדין, בהתאם לצו ירושה או צו קיום צוואה. יורשים חוקיים הם יורשים לפי צו ירושה או נהנים לפי צו קיום צוואה שניתנו על ידי ערכאה שיפוטית מוסמכת.","אם לא מינית מוטבים בפוליסת ביטוח החיים, סכום הביטוח ישולם ליורשים החוקיים של המבוטח על-פי הדין, בהתאם לצו ירושה או צו קיום צוואה. לגבי מי בדיוק נחשב ״יורש חוקי״ — המקורות המצוטטים אינם מכילים את התשובה.",partial,True,"The system correctly states payment goes to legal heirs per a court order, but refuses to define 'legal heir', which was explicitly asked.","[{""file"": ""life/files/טופס-הצטרפות-לביטוח-חיים-17-שאלות-בהצהרת-הבריאות.pdf"", ""page"": 4, ""quote"": ""בהעדר מינוי מוטבים, הסכומים ישולמו ליורשים החוקיים על-פי הדין בהתאם לצו ירושה או על-פי צו קיום צוואה.""}, {""file"": ""life/files/הראל-מגן-משלים-לילד-144.pdf"", ""page"": 8, ""quote"": ""יהיו המוטבים יורשיו החוקיים של המבוטח""}]"
dev-37-mortgage-easy,mortgage,easy,rag_topk8_moonshotai_Kimi-K2.6,unknown — see ours/experiments.jsonl,,deepseek-ai/DeepSeek-V4-Pro,הדירה שלי עומדת ריקה בתקופה הקרובה — האם ההרחבה לנזקי מים תכסה נזק שיקרה כשהדירה לא תפוסה?,"לא, בדף המידע המהותי מובהר כי לא יינתן כיסוי לנזקי מים ונוזלים אחרים בתקופה שבה הדירה אינה תפוסה.","לא, ההרחבה לנזקי מים ונוזלים אחרים אינה מכסה נזק בתקופה שבה הדירה אינה תפוסה.",correct,True,The system's answer matches the ground truth that water damage extension does not cover unoccupied periods.,"[{""file"": ""mortgage/files/מידע-מהותי-משכנתא-בטוחה-ב-מהדורת-יולי-2016.pdf"", ""page"": 1, ""quote"": ""יובהר כי לא יינתן כיסוי לנזקי מים ונוזלים אחרים בתקופה שבה הדירה אינה תפוסה.""}]"
dev-38-mortgage-easy,mortgage,easy,rag_topk8_moonshotai_Kimi-K2.6,unknown — see ours/experiments.jsonl,,deepseek-ai/DeepSeek-V4-Pro,"יש לי בבית דוד שמש גדול של 300 ליטר — אם רכשתי את הכיסוי לדודים, האם נזק לדוד כזה מכוסה?","לא, בחריגי הכיסוי לדוודים נקבע במפורש שנזק לדוד שנפחו מעל 200 ליטר אינו מכוסה.","לא, הכיסוי מוגבל לדודים בנפח של עד 200 ליטר, ולכן נזק לדוד של 300 ליטר אינו מכוסה.",correct,True,"The system correctly states that coverage is limited to 200 liters and a 300-liter tank is not covered, matching the ground truth.","[{""file"": ""apartment/files/תנאי-פוליסת-ביטוח-דירה-אדירה-כסף-מהדורת-פברואר-2025.pdf"", ""page"": 8, ""quote"": ""דוד ביתי לחימום מים הנושא תו תקן ישראלי, בנפח מירבי שאינו עולה על 200 ליטר""}, {""file"": ""apartment/files/תנאי-פוליסת-ביטוח-דירה-אדירה-כסף-מהדורת-פברואר-2025.pdf"", ""page"": 9, ""quote"": ""נזק לדוד שנפחו מעל 200 ליטר""}]"
dev-39-mortgage-medium,mortgage,medium,rag_topk8_moonshotai_Kimi-K2.6,unknown — see ours/experiments.jsonl,,deepseek-ai/DeepSeek-V4-Pro,"אם חלילה תפרוץ מלחמה וייגרם נזק לדירה שלי, ביטוח המבנה של המשכנתא יכסה את הנזק?","לא. הפוליסה אינה מכסה אבדן או נזק שנגרמו כתוצאה ממלחמה, פעולות אויב או פיגועים חבלניים (וגם לא ממלחמת אזרחים, מרד או מהפכה).",המקורות המצוטטים אינם כוללים מידע באשר לכיסוי נזקי מלחמה בביטוח מבנה המשכנתא.,refusal,False,"The system states it lacks the information to answer, which is a refusal.",
dev-40-mortgage-medium,mortgage,medium,rag_topk8_moonshotai_Kimi-K2.6,unknown — see ours/experiments.jsonl,,deepseek-ai/DeepSeek-V4-Pro,שמעתי שיש נספח משכנתא מיוחד לאנשים עם מוגבלות מקצרת חיים. מי בכלל נחשב לאדם עם מוגבלות מקצרת חיים לצורך הנספח הזה?,"אדם שאקטואר ממונה הכיר במוגבלותו ככזו שעלולה לקצר את תוחלת חייו ביותר משלוש שנים לעומת תוחלת חיים ממוצעת, ובלבד שהאקטואר קבע שתוחלת חייו עולה על חמש שנים.","לפי נספח המשכנתא, אדם עם מוגבלות מקצרת חיים הוא אדם עם מוגבלות שאקטואר ממונה הכיר במוגבלות שיש לו ככזו שעלולה לקצר את תוחלת חייו לעומת תוחלת חיים ממוצעת בתקופה העולה על שלוש שנים, ובלבד שהאקטואר הממונה קבע שתוחלת החיים של האדם עם המוגבלות עולה על חמש שנים.",correct,True,"The system's answer matches the ground truth definition exactly, including the >3 year life shortening and >5 year life expectancy conditions.","[{""file"": ""mortgage/files/נספח-משכנתא-לאנשים-עם-מוגבלות-מקצרת-חיים.pdf"", ""page"": 3, ""quote"": ""אדם עם מוגבלות מקצרת חיים - אדם עם מוגבלות שאקטואר ממונה הכיר במוגבלות שיש לו ככזו שעלולה לקצר את תוחלת חייו לעומת תוחלת חיים ממוצעת בתקופה העולה על שלוש שנים, ובלבד שהאקטואר הממונה קבע שתוחלת החיים של האדם עם המוגבלות עולה על חמש שנים.""}]"
dev-41-mortgage-hard,mortgage,hard,rag_topk8_moonshotai_Kimi-K2.6,unknown — see ours/experiments.jsonl,,deepseek-ai/DeepSeek-V4-Pro,"אילו ביטוחי משכנתא בכלל יש אצלכם בהראל, ואם אני רוצה את ביטוח החיים למשכנתא - איך מצטרפים אליו?","להראל שלושה מוצרי ביטוח משכנתא: ביטוח חיים למשכנתא, משכנתא בטוחה ומשכנתא בטוחה (ב). לביטוח חיים למשכנתא מצטרפים בהתקשרות ל-2735* או בהשארת פרטים.","אצל הראל מוצעים מספר מוצרי ביטוח משכנתא: ביטוח חיים למשכנתא, משכנתא בטוחה ומשכנתא בטוחה (ב). להצטרפות לביטוח חיים למשכנתא ניתן להתקשר ל-2735* או להשאיר פרטים.",correct,True,The system's answer lists the same three products and the same contact methods as the ground truth.,"[{""file"": ""mortgage/pages/policies.txt"", ""page"": 1, ""quote"": ""המוצרים שלנו ביטוח חיים למשכנתא למידע נוסף משכנתא בטוחה למידע נוסף משכנתא בטוחה (ב) למידע נוסף""}, {""file"": ""mortgage/pages/safe-mortgage.txt"", ""page"": 1, ""quote"": ""איך מצטרפים? מתקשרים ל-2735* משאירים פרטים""}]"
dev-42-mortgage-hard,mortgage,hard,rag_topk8_moonshotai_Kimi-K2.6,unknown — see ours/experiments.jsonl,,deepseek-ai/DeepSeek-V4-Pro,"הדירה שלי בבית משותף מבוטחת במבנה בסכום של 1,800,000 ₪ ויש לי גם כיסוי סכום נוסף. אחרי רעידת אדמה, שמאי מקרקעין העריך את הנזק לדירה ב-1,350,000 ₪. האם מגיע לי תשלום הסכום הנוסף?","כן. הנזק מהווה 75% מסכום ביטוח הדירה (1,350,000 ÷ 1,800,000 = 75%), וזה מעל הסף הנדרש של 70% לפחות, ולכן מתקיים מקרה הביטוח והסכום הנוסף שצוין במפרט ישולם.","כן, מגיע לך תשלום הסכום הנוסף. הכיסוי לסכום נוסף בבית משותף כתוצאה מרעידת אדמה חל כאשר הנזק אינו קטן מ־70% מסכום הביטוח של מבנה הדירה. הנזק שנקבע על ידי השמאי הוא 1,350,000 ₪, שהם 75% מ־1,800,000 ₪, ולכן עומד בתנאי הכיסוי.",correct,True,"The system's answer correctly states that the additional sum is payable because the damage (75%) meets the required threshold (70%), matching the ground truth.","[{""file"": ""apartment/files/דף-מידע-פוליסה-אדירה-זהב-יולי-2015.pdf"", ""page"": 2, ""quote"": ""מכסה סכום ביטוח נוסף בבית משותף כנגד נזק כתוצאה מרעידת אדמה, כאשר הנזק הנו בשיעור שאינו קטן מ 70% מסכום ביטוח מבנה הדירה.""}]"
dev-43-travel-easy,travel,easy,rag_topk8_moonshotai_Kimi-K2.6,unknown — see ours/experiments.jsonl,,deepseek-ai/DeepSeek-V4-Pro,"אושפזתי בבית חולים בחו""ל ליותר משלושה ימים. האם הביטוח ישלם על כרטיס טיסה ולינה עבור מלווה שיגיע אליי?","כן, במקרה של אשפוז בחו""ל מעל 3 ימים המבטח ישלם למלווה אחד כרטיס טיסה במחלקת תיירים, הוצאות נסיעה ולינה עד 2,500 דולר בכפוף להשתתפות עצמית של 50 דולר.","כן, אם אושפזת בחו""ל למשך יותר משלושה ימים רצופים (או אם הרופא המטפל קבע כי חייך בסכנה), הביטוח ישפה עבור הוצאות הכרוכות בהטסת מלווה אחד ושהותו לצורך ליווי, לרבות עלות כרטיס טיסה במחלקת תיירים, הוצאות נסיעה ולינה בתנאים נאותים, בכפוף למגבלות האחריות ולתנאים הנוספים בפוליסה.",correct,True,"The system's answer confirms coverage for a companion's flight and lodging after 3+ days of hospitalization abroad, matching the ground truth.","[{""file"": ""travel/files/פוליסת-ביטוח-נסיעות-לחו-ל-שיר-לנוסע-שירביט-מבית-הראל-חברה-לביטוח.pdf"", ""page"": 9, ""quote"": ""- אושפז המבוטח בחו\""ל עקב מקרה ביטוח שאירע בחו\""ל ומשך האשפוז עלה על שלושה 9( 0 ) ימים רצופים 0 ישפה המבטח את המבוטח בגין הוצאות הכרוכות בהטסת מלווה ושהותו לצורך ליווי המבוטח באשפוז לרבות: - .01.0.0 עלות כרטיס טיסה של מלווה אח שיוטס למקום אשפוזו של המבוטח בחו\""ל. 0 ד - .01.0.2 הוצאות בגין נסיעות למקום האשפוז ובחזרה למלון או לדירה שבה מתאכסן המלווה. - .01.0.9 הוצאות בגין לינת המלווה בתנאים נאותים.""}]"
dev-44-travel-easy,travel,easy,rag_topk8_moonshotai_Kimi-K2.6,unknown — see ours/experiments.jsonl,,deepseek-ai/DeepSeek-V4-Pro,"התגלה לי הריון לראשונה בזמן שהייתי בחו""ל ואני כבר אחרי שבוע 12. האם ההוצאות הרפואיות שלי בגלל ההיריון יכוסו?","לא, הכיסוי להיריון שאובחן לראשונה בחו""ל חל רק על הוצאות שהוצאו עד שבוע 12 ועד בכלל.","בדרך כלל לא. הכיסוי לפי התנאים מוגבל להיריון עד שבוע 12 כולל שאובחן לראשונה בחו""ל, ולכן הוצאות רפואיות שהוצאו לאחר תום שבוע 12 לא יכוסו. יוצא דופן: אם קיימת חוות דעת רופא מוסמך כי נשקפת סכנה לבריאותך או לבריאות העובר או לחייכם.",correct,True,"The system correctly states that coverage is limited to week 12 and expenses after that are not covered, matching the ground truth.","[{""file"": ""travel/files/תנאי-פוליסת-ביטוח-נסיעות-לחול-אנגלית-first-class.pdf"", ""page"": 15, ""quote"": ""The Insurer will bear Medical Expenses as detailed below for pregnancy up to week 12 first diagnosed Abroad""}, {""file"": ""travel/files/תנאי-פוליסת-ביטוח-נסיעות-לחול-first-class.pdf"", ""page"": 11, ""quote"": ""- להיריון, אלא אם קיימת 12 הוצאות שהוצאו לאחר תום שבוע . 4.3.3.3 חוות דעת רופא מוסמך כי נשקפת סכנה לבריאותה ו/או לבריאות העובר ו/או לחייה ו/או לחיי העובר.""}]"
dev-45-travel-medium,travel,medium,rag_topk8_moonshotai_Kimi-K2.6,unknown — see ours/experiments.jsonl,,deepseek-ai/DeepSeek-V4-Pro,"אם חלילה אמות בתאונה בחו""ל ויש לי את הרחבת תאונות אישיות בדרכון פרימיום, כמה יקבלו היורשים שלי?","ישולם פיצוי חד-פעמי בסך 50,000$ למוטב (ובהיעדר מוטב - ליורשים החוקיים), בתנאי שהמוות אירע כתוצאה ישירה מתאונה בחו""ל ולא יותר מ-3 שנים לאחר מועד התאונה.","לפי תנאי פוליסת דרכון פרימיום, במקרה של מוות מתאונה בחו""ל ישולם ליורשים החוקיים פיצוי חד-פעמי בסך 50,000 דולר.",correct,True,"The system's answer correctly states the $50,000 payout to legal heirs, matching the ground truth.","[{""file"": ""travel/files/תנאי-פוליסת-ביטוח-נסיעות-לחול-דרכון-פרימיום.pdf"", ""page"": 59, ""quote"": ""מוות מתאונה בחו\""ל ... במקרה זה ישולם פיצוי חד פעמי בגובה סכום הביטוח המלא ... תגמולי הביטוח בגין מותו של $ 50,000 ... ליורשיו החוקיים של המבוטח""}]"
dev-46-travel-medium,travel,medium,rag_topk8_moonshotai_Kimi-K2.6,unknown — see ours/experiments.jsonl,,deepseek-ai/DeepSeek-V4-Pro,"אני בחו""ל וגיליתי רק עכשיו, בשבוע 14, שאני בהיריון. האם ההוצאות הרפואיות שלי בקשר להיריון מכוסות בפוליסת דרכון פרימיום?","לא. היריון שהתגלה לראשונה בחו""ל לאחר שבוע 12 מוחרג מהכיסוי בחריגים הכלליים של הפוליסה.","לא. על פי תנאי פוליסת דרכון פרימיום, הכיסוי הרפואי בגין היריון חל רק על היריון עד שבוע 12 שאובחן לראשונה בחו""ל. מכיוון שאת בשבוע 14, ההוצאות הרפואיות בקשר להיריון אינן מכוסות.",correct,True,"The system correctly states that pregnancy discovered after week 12 abroad is not covered, matching the ground truth.","[{""file"": ""travel/files/תנאי-פוליסת-ביטוח-נסיעות-לחול-דרכון-פרימיום.pdf"", ""page"": 14, ""quote"": ""המבטח יישא בהוצאות רפואיות כמפורט להלן בגין היריון עד שבוע 12 שאובחן לראשונה בחו\""ל""}]"
dev-47-travel-hard,travel,hard,rag_topk8_moonshotai_Kimi-K2.6,unknown — see ours/experiments.jsonl,,deepseek-ai/DeepSeek-V4-Pro,"אם בטעות אגרום נזק למישהו או לרכוש שלו בזמן הטיול, הפוליסה של דרכון first class מכסה אותי? עד איזה סכום, וכמה עולה התוספת הזו?","כן, יש כיסוי חבות כלפי צד ג' עד 150,000$ ללא השתתפות עצמית. הכיסוי כלול בפוליסה הבסיסית וניתן כהטבה ללא עלות לכל הגילאים.",המידע אינו מופיע במקורות שסופקו.,refusal,False,"The system states the information is not in the provided sources, which is a refusal to answer.",
dev-48-travel-hard,travel,hard,rag_topk8_moonshotai_Kimi-K2.6,unknown — see ours/experiments.jsonl,,deepseek-ai/DeepSeek-V4-Pro,"אני טס לחו""ל עם רחפן יקר. כמה יעלה לי לבטח אותו בנפרד ליום, ומה אצטרך להמציא לחברת הביטוח אם הוא ייגנב לי בחו""ל?","הכיסוי המיוחד לפריט יקר ערך (כולל רחפן) עולה 1$ ליום, וניתן לרכוש אותו רק אם נרכש גם כיסוי כבודה בסיסי, עד תקרה של 2,000$. במקרה גניבה יש להמציא דו""ח מהמשטרה המקומית או אישור גורם מוסמך אחר במקום הגניבה, המפרט את נסיבות האירוע ואת הפריט שנגנב.","עלות ביטוח יומית לרחפן אינה מופיעה במקורות המצורפים. לגבי גניבת רחפן בחו""ל, על המבוטח להמציא למבטח דו""ח מהמשטרה המקומית או אישור גורם מוסמך אחר במקום האובדן או הגניבה, שיפרט את נסיבות האירוע ויציין את הפריט יקר הערך שאבד או נגנב. אם לא ניתן לפנות למשטרה המקומית או גורם מוסמך אחר, הכיסוי מותנה בדיווח מידי למבטח וקבלת אישורו והסכמתו.",partial,True,"The system's answer correctly states the requirement for a police report but fails to provide the daily cost of 1$ and the prerequisite of basic baggage coverage, which were explicitly asked.","[{""file"": ""travel/files/תנאי-פוליסת-ביטוח-נסיעות-לחול-first-class.pdf"", ""page"": 33, ""quote"": ""כיסוי מיוחד לפריט/ים יקר/י ערך שהינם - מצלמה, רחפן""}, {""file"": ""travel/files/תנאי-פוליסת-ביטוח-נסיעות-לחול-first-class.pdf"", ""page"": 33, ""quote"": ""דו\""ח מהמשטרה המקומית או אישור גורם מוסמך אחר במקום האובדן או הגניבה, אשר יפרט את נסיבות האירוע בציון הפריט יקר ערך""}, {""file"": ""travel/files/תנאי-פוליסת-ביטוח-נסיעות-לחול-דרכון-פרימיום.pdf"", ""page"": 37, ""quote"": ""מותנה בדיווח מידי למבטח וקבלת אישורו והסכמתו לכיסוי בנסיבות המדווחות""}]"
